CellId,GrowthRate,birthLength,LifeHistory,AverageVelocity,AverageLength,AverageOrientation
1,0.00455067507722841,26.6025883406377,23,0.0699923340368084,36.5309251462015,0.527604212547361
2,0.00519587612292131,26.6759507568848,23,-0.0390217829345626,33.8340569502595,0.831991790986153
3,0.00532875351466733,29.9393321990032,23,0.0576514010602174,38.4234514976816,-0.304070945224273
4,-0.00401467374243228,65.4476392922139,23,-0.155365780822368,35.6748122388546,0.595768699795452
5,0.00366519645329213,27.7499871957182,23,0.0212572869921098,33.2373180038746,-0.578256108130894
6,0.0042768351176998,29.1873274098784,22,-0.0493127536829379,35.7112752387365,0.632917633084018
